V [kV],u(V) [kV],n12 [#/s],u(n12) [#/s]
1.495,0.022600995553293667,4.545701915027786,0.26544671884281157
1.722,0.025805751296949293,5.986222325284192,0.3592083114195949
1.899,0.02830548003479185,6.562875527353551,0.5040136338772322
1.997,0.029689759177197787,7.661719613850183,0.5480137737458883
